bodyId_pre,bodyId_post,weight
12781,522822,288
556329,15884,238
12781,513052,150
556329,10141,116
12781,162471,82
556329,25047,79
556329,805181,70
556329,800721,69
12781,22728,66
12781,800632,61
556329,809623,58
12781,802194,57
556329,513052,52
12781,808666,51
556329,802700,49
12781,803722,46
556329,23566,44
12781,920112,44
556329,809413,43
12781,904849,43
12781,805509,42
556329,810576,42
556329,804287,41
12781,804151,41
556329,804104,39
12781,808828,39
12781,808799,39
12781,808745,39
556329,802735,39
556329,803043,39
12781,810781,38
12781,807178,38
556329,902605,38
12781,808809,37
12781,1051816135,37
12781,811015,37
556329,812457,36
12781,802269,36
556329,807305,35
556329,903577,35
12781,902440,35
556329,813045,35
556329,909274,35
556329,808591,35
12781,808244,34
12781,813121,34
12781,800303,34
556329,814118,34
12781,806053,34
12781,812691,34
12781,904925,34
556329,807367,33
12781,810648,33
556329,809383,33
12781,804731,32
12781,952874,32
12781,902818,32
12781,813743,32
556329,907190,32
556329,810923,32
556329,810106,32
556329,812579,32
12781,808145,32
556329,908752,31
556329,810616,31
12781,814311,31
12781,811464,31
12781,902308,31
556329,813099,30
556329,800225,30
12781,907232,30
556329,808495,30
12781,809018,30
12781,808083,30
12781,906268,29
556329,808535,29
12781,808734,29
12781,10706,29
12781,814070,29
12781,814383,29
556329,812110,29
556329,800243,29
12781,808225,29
12781,909241,28
556329,812534,28
556329,807601,28
556329,919591,28
556329,809801,28
12781,801938,28
12781,812896,28
12781,813339,28
556329,903792,28
556329,813715,28
556329,813968,28
556329,813828,28
12781,10141,28
12781,807098,28
556329,908949,28
12781,808954,27
12781,817036,27
556329,808196,27
556329,813519,27
556329,804447,27
12781,911768,27
12781,800835,27
12781,812423,27
556329,903386,27
12781,809487,27
12781,813597,27
12781,807446,26
556329,909576,26
12781,808381,26
12781,804745,26
556329,902662,26
12781,812966,26
556329,812772,26
556329,812449,26
12781,804120,26
556329,813815,26
12781,812380,25
556329,815170,25
12781,814176,25
556329,812277,25
556329,814202,25
12781,13181,25
556329,814015,25
12781,909568,25
556329,13381,25
12781,814623,25
556329,908636,24
12781,810191,24
556329,808544,24
556329,808437,24
556329,809408,24
556329,814180,24
12781,807746,24
556329,816047,24
556329,909388,24
556329,12868,24
556329,812627,24
556329,517631,24
556329,813672,24
556329,909577,24
556329,814897,24
12781,813421,24
556329,902839,24
12781,812058,23
12781,813813,23
556329,904178,23
12781,813048,23
556329,813354,23
556329,911686,23
556329,909751,23
556329,809530,23
556329,809679,23
556329,806641,23
556329,558912,23
556329,807356,23
556329,808367,23
556329,813713,23
12781,815559,23
556329,813889,23
556329,813975,23
12781,812782,23
12781,800101,23
556329,810243,22
12781,932853,22
556329,817050,22
556329,809651,22
12781,814960,22
556329,905134,22
12781,814293,22
12781,814249,22
556329,814627,22
12781,813720,22
556329,817292,22
556329,812658,22
12781,814141,22
556329,813885,22
556329,812676,22
12781,810021,21
12781,14994,21
12781,808796,21
12781,810533,21
556329,815148,21
12781,813279,21
12781,814767,21
12781,812680,21
12781,812817,21
12781,811169,21
556329,814986,21
556329,905769,21
12781,813707,21
556329,815642,21
12781,811728,21
556329,813716,21
556329,814153,21
12781,813967,21
556329,813492,21
556329,807173,21
12781,903666,21
556329,813501,21
556329,811729,21
556329,816279,21
556329,809572,21
556329,810934,21
556329,811651,21
12781,31180,21
12781,36082,21
556329,909750,21
556329,911765,21
12781,802906,20
556329,809583,20
556329,809200,20
556329,808808,20
556329,816573,20
556329,816168,20
556329,815715,20
556329,815502,20
556329,70636,20
556329,812231,20
556329,804852,20
556329,805318,20
556329,812003,20
556329,810919,20
12781,22507,20
12781,812375,20
556329,810079,20
556329,808113,20
556329,813408,20
12781,902446,20
556329,815177,20
12781,911960,20
556329,812845,20
556329,812763,20
12781,813731,20
12781,821441,20
556329,902918,20
12781,814397,20
12781,807850,20
12781,805120,20
12781,807236,20
12781,813548,20
556329,27635,19
12781,813023,19
556329,815934,19
12781,810645,19
556329,808273,19
556329,808321,19
556329,808304,19
556329,813601,19
12781,813653,19
556329,816096,19
12781,807687,19
12781,807679,19
556329,902509,19
12781,815295,19
556329,902813,19
12781,812859,19
12781,812791,18
556329,812406,18
556329,813459,18
12781,818106,18
556329,813574,18
556329,813414,18
12781,816473,18
12781,810426,18
556329,805080,18
556329,810021,18
556329,811331,18
556329,816197,18
556329,819356,18
12781,810823,18
12781,812349,18
556329,819904,18
12781,814315,18
12781,815883,18
556329,814452,18
12781,813529,18
12781,808604,18
556329,911874,18
556329,814624,18
556329,815197,18
12781,810804,18
556329,807481,17
556329,810014,17
556329,520132,17
12781,48265,17
556329,809711,17
556329,811688,17
12781,809728,17
556329,816034,17
556329,815186,17
12781,816869,17
12781,816616,17
12781,914689,17
556329,13176,17
556329,812662,17
12781,812386,17
556329,814248,17
556329,814659,17
556329,903316,17
556329,905133,17
556329,813710,17
556329,815221,17
12781,814826,17
556329,809023,17
556329,815196,17
556329,803154,17
12781,811565,17
556329,45049,17
556329,927735,17
556329,913743,17
556329,815709,17
556329,815416,16
556329,814743,16
12781,906134,16
556329,817253,16
12781,12601,16
556329,811486,16
12781,67239,16
556329,820827,16
556329,806206,16
12781,813109,16
12781,812630,16
12781,814524,16
556329,813101,16
556329,26873,16
12781,804263,16
12781,813297,16
556329,812722,15
556329,815004,15
556329,814863,15
12781,812615,15
12781,804634,15
12781,813582,15
12781,814458,15
12781,806676,15
556329,909580,15
12781,813753,15
12781,813901,15
556329,813895,15
12781,815052,15
12781,124578,15
12781,818878,15
556329,813166,15
556329,813061,15
556329,816721,15
12781,810738,15
556329,804513,15
556329,121953,15
556329,807191,15
556329,809614,15
556329,810131,15
556329,807955,15
556329,804377,15
556329,805176,15
556329,81935,15
12781,812356,15
556329,808490,15
556329,809327,15
12781,802331,15
556329,816295,15
556329,800180,15
12781,812378,15
556329,815049,15
556329,515724,15
12781,802056,15
556329,815874,14
556329,815644,14
556329,816524,14
556329,804718,14
556329,809252,14
12781,27599,14
556329,811041,14
556329,832667,14
556329,803882,14
12781,30366,14
556329,810139,14
12781,804498,14
556329,1076768749,14
12781,805696,14
556329,816109,14
556329,814077,14
556329,813600,14
12781,815676,14
556329,904803,14
12781,815386,14
12781,905890,14
12781,912023,14
12781,1064623201,14
12781,818617,14
12781,811601,14
556329,802761,14
556329,183851,14
556329,812266,14
556329,908238,14
556329,808560,14
12781,812999,14
12781,812566,14
12781,812643,14
12781,812784,14
556329,812552,14
556329,20644,14
12781,812922,14
12781,816981,14
556329,812917,14
556329,814937,14
556329,816993,13
12781,810366,13
12781,810599,13
556329,42580,13
556329,825572,13
556329,818521,13
556329,802708,13
556329,520130,13
556329,815992,13
556329,806766,13
556329,816909,13
556329,810168,13
556329,815800,13
12781,812657,13
556329,36948,13
556329,812688,13
556329,813591,13
12781,919615,13
556329,11239,13
12781,817202,13
12781,816267,13
12781,903100,13
12781,903151,13
556329,815051,13
556329,813976,13
12781,816056,13
12781,813228,13
12781,813934,13
12781,814187,13
556329,904025,13
556329,814398,13
556329,814547,13
556329,810519,13
556329,954670,13
556329,909578,13
556329,909758,12
12781,805783,12
12781,15993,12
12781,809795,12
556329,813086,12
12781,904110,12
12781,808164,12
12781,806202,12
12781,814354,12
12781,814095,12
556329,814215,12
556329,814236,12
12781,815015,12
12781,522310,12
12781,817470,12
12781,813340,12
12781,524245,12
12781,813847,12
12781,813812,12
556329,815937,12
556329,111673,12
556329,91163,12
12781,810921,12
12781,812366,12
556329,802199,12
556329,800669,12
556329,49096,12
12781,800537,12
556329,26519,12
12781,812105,12
556329,817411,12
556329,812862,12
12781,910455,12
12781,812992,12
12781,902507,12
12781,903990,12
12781,811699,12
556329,807546,12
556329,804694,12
556329,803774,12
556329,803525,12
556329,815814,12
556329,812158,12
12781,816910,11
556329,909273,11
12781,13399,11
12781,56710,11
556329,909562,11
12781,518563,11
556329,814715,11
12781,813622,11
556329,810382,11
12781,808432,11
12781,815014,11
12781,814476,11
556329,813387,11
12781,522840,11
556329,814823,11
12781,813082,11
12781,814112,11
556329,817422,11
12781,325391,11
12781,911325,11
12781,910459,11
12781,914493,11
556329,26144,11
12781,836986,11
12781,902447,11
556329,441179,11
556329,581518,11
556329,820215,11
556329,812913,11
12781,26144,11
556329,817307,11
556329,817358,11
12781,800337,11
12781,812383,11
556329,815030,11
12781,818335,11
556329,218722,11
12781,810843,11
12781,811123,11
12781,810771,11
12781,812043,11
556329,811275,11
556329,811217,11
556329,810050,11
556329,807995,11
556329,810235,11
556329,810171,11
12781,31055,11
556329,816834,11
556329,815675,11
12781,809859,11
556329,909131,11
556329,908714,11
556329,912333,11
12781,809179,11
556329,912626,11
556329,912824,11
556329,912258,10
556329,912096,10
12781,803776,10
12781,816035,10
556329,515725,10
556329,903437,10
12781,29161,10
556329,37876,10
556329,210111,10
556329,820297,10
12781,808211,10
12781,816856,10
556329,910704,10
12781,816169,10
556329,904062,10
556329,909129,10
12781,815972,10
556329,818722,10
556329,523539,10
12781,38850,10
556329,812860,10
556329,813756,10
556329,813924,10
12781,47659,10
556329,814674,10
556329,814275,10
12781,213138,10
556329,815263,10
556329,815287,10
556329,815289,10
556329,936578,10
12781,823637,10
12781,158715,10
12781,812253,10
556329,814777,10
556329,803461,10
556329,809382,10
12781,227896,10
12781,813969,10
12781,813984,10
556329,812301,10
556329,805418,10
12781,815145,10
12781,815967,10
12781,815354,10
556329,803703,10
556329,801602,10
12781,816048,9
12781,814057,9
12781,814193,9
12781,813933,9
12781,815176,9
12781,816075,9
556329,513286,9
556329,50566,9
12781,279391,9
12781,803303,9
12781,817354,9
12781,905558,9
12781,805050,9
12781,805196,9
12781,324453,9
556329,911856,9
556329,911726,9
12781,903773,9
12781,910127,9
12781,817361,9
556329,31055,9
12781,816577,9
556329,33990,9
12781,816377,9
556329,17362,9
556329,12219,9
12781,911242,9
556329,908756,9
12781,914843,9
12781,914347,9
12781,817180,9
556329,904024,9
556329,812398,9
12781,908783,9
12781,909243,9
12781,817972,9
12781,818474,9
556329,815077,9
556329,814300,9
556329,815983,9
556329,814129,9
12781,820570,9
12781,818025,9
12781,812857,9
12781,813558,9
12781,812055,9
12781,811586,9
556329,816403,9
12781,221715,9
556329,814044,9
12781,812158,9
556329,814577,9
556329,816519,9
556329,817895,9
556329,804863,9
556329,817908,9
12781,814666,9
556329,807247,9
12781,815381,9
12781,815368,9
556329,817455,9
556329,809097,9
12781,809474,9
556329,535510,9
556329,550223,9
556329,818701,9
12781,808668,9
556329,818165,9
556329,811090,9
556329,811359,9
556329,810040,9
556329,814745,9
556329,811619,9
12781,229891,9
12781,814579,9
556329,817200,9
556329,815950,9
12781,10592,8
12781,902629,8
12781,903641,8
12781,804945,8
556329,10706,8
556329,15333,8
12781,804233,8
12781,817004,8
12781,816937,8
12781,932790,8
556329,911242,8
12781,16510,8
12781,817018,8
12781,817073,8
556329,905382,8
12781,806641,8
12781,804520,8
556329,907191,8
556329,906620,8
556329,13135,8
12781,904272,8
556329,932890,8
12781,908650,8
556329,520134,8
556329,520133,8
556329,515723,8
12781,816106,8
556329,821904,8
12781,808056,8
556329,108358,8
556329,98212,8
12781,816643,8
12781,816704,8
556329,35203,8
556329,819531,8
556329,907824,8
12781,802314,8
556329,816752,8
556329,816691,8
556329,801833,8
556329,800580,8
12781,815635,8
556329,818677,8
556329,818348,8
12781,811379,8
556329,816829,8
556329,816838,8
12781,810456,8
556329,816938,8
556329,809971,8
556329,817064,8
556329,809420,8
556329,525378,8
12781,815538,8
556329,807739,8
556329,812387,8
556329,816663,8
556329,814701,8
556329,814443,8
12781,189997,8
12781,813303,8
12781,811588,8
556329,814017,8
12781,210253,8
12781,813729,8
556329,816410,8
556329,813176,8
12781,813510,8
12781,42467,8
556329,813708,8
12781,812226,8
556329,815144,8
12781,556721,8
556329,814796,8
556329,814801,8
556329,815837,8
12781,812227,8
12781,812244,8
556329,815832,8
556329,814793,8
12781,84707,8
12781,81912,8
12781,61729,8
12781,819793,8
12781,820319,8
12781,818118,8
556329,936568,8
12781,10377,7
12781,11797,7
12781,10482,7
556329,925148,7
12781,817692,7
12781,908845,7
12781,908708,7
12781,908367,7
556329,815482,7
12781,558778,7
12781,184643,7
12781,127773554,7
556329,906654,7
12781,911814,7
556329,909752,7
556329,908136,7
556329,814736,7
12781,109201,7
12781,812018,7
12781,812140,7
556329,814878,7
556329,815799,7
556329,815579,7
556329,815665,7
12781,813919,7
556329,813513,7
556329,813504,7
556329,905748,7
12781,806034,7
556329,814173,7
556329,814196,7
556329,819434,7
12781,248702,7
12781,245627,7
12781,814862,7
556329,817631,7
12781,815026,7
556329,346302680,7
12781,815917,7
556329,818676,7
556329,801960,7
12781,832136,7
12781,823741,7
556329,935828,7
556329,817613,7
556329,807911,7
556329,807495,7
12781,814896,7
12781,391478,7
556329,512059,7
556329,818346,7
556329,818313,7
556329,818926,7
556329,818934,7
12781,816266,7
12781,242623,7
556329,809880,7
556329,811005,7
12781,24532,7
12781,814331,7
556329,817313,7
12781,810458,7
556329,820030,7
12781,811577,7
556329,35619,7
556329,818872,7
556329,816622,7
12781,811286,7
556329,811770,7
12781,816426,7
12781,816808,7
556329,823182,7
556329,812758,7
12781,227275,7
12781,228237,7
556329,811479,7
12781,811001,7
12781,811541,7
556329,812640,7
12781,806687,7
12781,221788,7
12781,816735,7
556329,12170,7
556329,12188,7
556329,11352,7
556329,907350,7
12781,807482,7
556329,814930,6
12781,17158,6
12781,813581,6
12781,813659,6
556329,905111,6
556329,813531,6
12781,813837,6
12781,219374,6
12781,215032,6
12781,813789,6
12781,214767,6
12781,914268,6
12781,913178,6
12781,914449,6
12781,954981,6
12781,293891,6
556329,813145,6
12781,817219,6
12781,176912,6
12781,517005,6
556329,813570,6
12781,801379,6
556329,815973,6
556329,814520,6
556329,816123,6
12781,910460,6
12781,812994,6
556329,814668,6
556329,908637,6
12781,15751,6
556329,908650,6
556329,909740,6
12781,817215,6
12781,819946,6
556329,815710,6
556329,815796,6
556329,815816,6
12781,812689,6
12781,120703,6
12781,811672,6
12781,152829,6
12781,128571,6
556329,814570,6
556329,816108,6
12781,800144,6
556329,815149,6
556329,815385,6
556329,815402,6
556329,815424,6
12781,812897,6
12781,908734,6
556329,912819,6
556329,912414,6
12781,319505,6
556329,914569,6
12781,908714,6
12781,904961,6
12781,811538,6
556329,907349,6
556329,15070,6
12781,816421,6
12781,816565,6
12781,816432,6
556329,816409,6
556329,816588,6
556329,56710,6
556329,58828,6
12781,232995,6
12781,232997,6
556329,816955,6
12781,810490,6
556329,809773,6
556329,809453,6
556329,810293,6
12781,228930,6
556329,828380,6
12781,807657,6
12781,280166,6
12781,281806,6
12781,283181,6
12781,816164,6
556329,809995,6
556329,809837,6
556329,816205,6
556329,813003,6
556329,817897,6
12781,815098,6
12781,814907,6
556329,805597,6
556329,513287,6
556329,808153,6
12781,249687,6
556329,820921,6
556329,806992,6
12781,244762,6
12781,246484,6
556329,820745,6
556329,818342,6
556329,818158,6
556329,524190,6
556329,818139,6
12781,418026,6
12781,816079,6
556329,304209,6
12781,815930,6
556329,800488,6
556329,800193,6
12781,815506,6
12781,250870,6
556329,804212,6
12781,815944,6
556329,555500,6
12781,815717,6
12781,819332,6
12781,818822,6
556329,817543,6
12781,819595,6
12781,902448,6
12781,902808,6
12781,354071,6
12781,834920,6
12781,904690,6
12781,903122,6
12781,818480,6
12781,818419,6
12781,12465,6
556329,126095791,6
556329,972803028,6
556329,323027797,6
556329,315327503,5
12781,804563,5
556329,946314,5
556329,936595,5
12781,12386,5
556329,936461,5
12781,830823,5
12781,818339,5
12781,904813,5
12781,817929,5
12781,817816,5
12781,901041,5
12781,819590,5
556329,817611,5
556329,817552,5
556329,803761,5
556329,802939,5
556329,801576,5
556329,801072,5
12781,815736,5
556329,560567,5
12781,267387,5
12781,802516,5
556329,818432,5
556329,818142,5
556329,817997,5
556329,523602,5
556329,383609,5
556329,327169,5
556329,303057,5
556329,276969,5
556329,246573,5
556329,230007,5
556329,224061,5
12781,816019,5
556329,190983,5
12781,815027,5
556329,806000,5
556329,817929,5
556329,817886,5
556329,817837,5
556329,817820,5
12781,809694,5
12781,802852,5
556329,817617,5
12781,241942,5
12781,238266,5
556329,807382,5
556329,807295,5
12781,246760,5
556329,101318,5
556329,820063,5
12781,808175,5
12781,807997,5
556329,818919,5
556329,93000,5
12781,515723,5
556329,817459,5
556329,817360,5
12781,802079,5
12781,801872,5
556329,817186,5
556329,817159,5
12781,244621,5
12781,242842,5
12781,816142,5
12781,816111,5
12781,803021,5
12781,807736,5
556329,903317,5
556329,902734,5
12781,27702,5
556329,824235,5
12781,226965,5
12781,224058,5
12781,223943,5
12781,231826,5
556329,810129,5
12781,814563,5
12781,814449,5
556329,822284,5
556329,29485,5
556329,25821,5
556329,23382,5
12781,816456,5
556329,16384,5
556329,13624,5
12781,816933,5
12781,816760,5
12781,814124,5
12781,221349,5
556329,812157,5
556329,816885,5
556329,816783,5
12781,811165,5
556329,816770,5
556329,816700,5
556329,816674,5
556329,816593,5
556329,816565,5
12781,801143,5
556329,816336,5
556329,816333,5
556329,816224,5
556329,11131,5
556329,10788,5
12781,807546,5
12781,813679,5
556329,813298,5
12781,519690,5
556329,813234,5
556329,10499,5
12781,289340,5
12781,817078,5
12781,705008006,5
12781,639242246,5
12781,943313,5
12781,914648,5
12781,912325,5
12781,817345,5
12781,817302,5
12781,202814,5
12781,195910,5
556329,814101,5
556329,814012,5
556329,813882,5
12781,207504,5
12781,207348,5
12781,203822,5
12781,817251,5
12781,911856,5
12781,804369,5
12781,14119,5
556329,908372,5
12781,909225,5
556329,814770,5
12781,813210,5
556329,814526,5
556329,816158,5
556329,816105,5
12781,812007,5
12781,111272,5
556329,814798,5
556329,815789,5
556329,815740,5
12781,93000,5
12781,821924,5
12781,820270,5
12781,820155,5
556329,815340,5
556329,815111,5
556329,914652,5
12781,805397,5
12781,805321,5
12781,805039,5
12781,10438,5
556329,269477486,4
556329,1000554901,4
556329,176066484,4
556329,911962,4
556329,910761,4
556329,908135,4
12781,806952,4
12781,805997,4
12781,20065,4
12781,19419,4
12781,18278,4
556329,904571,4
12781,803154,4
12781,807778,4
556329,902556,4
556329,832315,4
556329,827769,4
12781,819256,4
12781,818636,4
556329,824702,4
556329,822797,4
12781,808279,4
556329,819732,4
556329,819062,4
556329,818823,4
556329,818567,4
12781,802783,4
12781,802615,4
12781,802482,4
12781,808913,4
556329,818445,4
556329,818317,4
556329,818272,4
556329,818190,4
12781,820096,4
556329,817833,4
556329,817758,4
556329,817757,4
12781,810015,4
12781,809823,4
556329,817634,4
556329,817626,4
556329,817558,4
556329,817361,4
556329,817323,4
12781,802273,4
12781,810582,4
556329,817262,4
556329,817252,4
556329,817228,4
12781,41197,4
12781,36667,4
12781,821036,4
12781,820836,4
12781,820375,4
12781,34980,4
556329,817068,4
556329,816929,4
556329,816917,4
556329,816847,4
12781,811335,4
12781,811105,4
556329,816754,4
556329,816641,4
556329,816586,4
556329,816529,4
556329,816478,4
12781,821281,4
12781,821220,4
556329,816080,4
556329,815980,4
556329,815866,4
556329,815859,4
12781,800437,4
556329,815546,4
12781,812571,4
12781,800517,4
556329,815461,4
556329,815166,4
556329,815143,4
12781,574283,4
12781,812866,4
12781,818251,4
12781,823271,4
556329,814712,4
556329,814681,4
12781,800268,4
556329,814573,4
556329,814256,4
12781,524518,4
12781,813400,4
12781,813341,4
12781,193450,4
12781,188780,4
12781,173087,4
556329,814165,4
556329,814040,4
556329,813961,4
556329,813865,4
556329,813789,4
12781,825532,4
12781,212198,4
12781,203208,4
12781,518626,4
556329,813460,4
12781,218719,4
12781,217750,4
12781,215643,4
12781,214463,4
12781,813793,4
556329,813193,4
556329,812802,4
556329,812741,4
556329,812477,4
12781,832026,4
12781,831813,4
12781,221778,4
12781,221504,4
12781,813997,4
12781,220685,4
12781,220523,4
556329,812055,4
556329,811885,4
12781,227023,4
12781,226280,4
12781,224261,4
12781,468519,4
12781,814256,4
556329,811107,4
12781,229545,4
12781,228534,4
556329,810113,4
556329,809664,4
12781,814513,4
12781,814386,4
12781,814370,4
12781,233045,4
556329,808874,4
556329,808489,4
556329,808382,4
556329,808343,4
12781,240429,4
12781,238803,4
12781,814882,4
12781,814858,4
12781,814760,4
12781,814642,4
556329,807790,4
12781,902639,4
556329,807652,4
556329,807449,4
12781,815283,4
12781,815213,4
12781,815149,4
556329,806634,4
556329,806027,4
556329,805575,4
556329,805283,4
556329,804051,4
556329,803568,4
12781,263271,4
12781,815434,4
12781,817934,4
12781,817878,4
12781,253245,4
556329,802277,4
556329,801272,4
556329,800826,4
556329,800713,4
556329,800660,4
12781,815720,4
12781,815659,4
556329,556073,4
556329,519690,4
556329,471787,4
556329,430460,4
556329,363186,4
12781,904217,4
12781,903803,4
556329,335573,4
556329,312163,4
556329,305417,4
556329,275075,4
556329,235133,4
556329,212910,4
556329,211409,4
12781,816016,4
556329,169936,4
556329,89002,4
556329,67239,4
556329,61729,4
12781,288123,4
12781,816331,4
12781,816287,4
12781,284053,4
12781,282176,4
12781,905925,4
12781,316058,4
12781,816631,4
12781,816407,4
12781,816902,4
556329,11156,4
12781,308970,4
12781,302324,4
12781,298220,4
12781,817016,4
12781,816963,4
12781,793720445,4
12781,732273595,4
12781,491318618,4
12781,909456,4
12781,909242,4
12781,817459,4
12781,817399,4
556329,673961277,4
12781,11239,4
556329,1079514751,3
12781,10501,3
556329,389697874,3
556329,861386036,3
556329,846255116,3
556329,845011371,3
556329,791272384,3
556329,1051168067,3
556329,1034904746,3
12781,817404,3
556329,1062759959,3
556329,1061389617,3
556329,1004255645,3
556329,177312535,3
556329,946727,3
556329,945500,3
556329,937647,3
12781,13047,3
12781,12457,3
556329,935251,3
556329,928563,3
556329,926363,3
556329,922277,3
12781,817612,3
556329,913303,3
12781,805428,3
556329,911140,3
556329,910452,3
556329,910032,3
556329,909772,3
12781,16458,3
12781,16172,3
12781,803964,3
12781,803848,3
12781,805939,3
12781,15884,3
12781,15673,3
12781,13580,3
556329,909194,3
12781,817195,3
12781,912205,3
12781,911279,3
12781,910608,3
556329,908373,3
556329,908237,3
556329,907424,3
556329,907353,3
12781,807656,3
12781,806108,3
556329,906616,3
556329,905611,3
12781,18338,3
12781,17513,3
556329,903667,3
12781,913933,3
12781,913107,3
12781,912389,3
12781,912343,3
12781,912326,3
12781,803093,3
12781,807806,3
556329,903255,3
12781,29976,3
12781,29485,3
556329,845178,3
556329,831163,3
556329,829346,3
556329,827138,3
12781,819247,3
12781,819104,3
12781,819062,3
12781,937496,3
12781,933729,3
12781,929968,3
12781,926363,3
12781,819039,3
12781,818635,3
556329,825773,3
556329,823586,3
556329,821913,3
556329,821832,3
556329,821442,3
556329,820936,3
556329,820749,3
556329,820544,3
556329,820246,3
12781,282917265,3
12781,156809894,3
12781,942159,3
556329,820149,3
556329,820119,3
556329,819987,3
12781,808035,3
12781,803741,3
12781,803739,3
12781,803468,3
556329,819249,3
556329,819144,3
556329,818932,3
556329,818756,3
556329,818695,3
556329,818623,3
12781,907324,3
12781,906721,3
12781,327128397,3
556329,818532,3
12781,808350,3
556329,818390,3
556329,818255,3
556329,818174,3
556329,818094,3
556329,818005,3
12781,819463,3
12781,819325,3
12781,819316,3
556329,817789,3
12781,809874,3
12781,599670920,3
12781,556095667,3
556329,817651,3
556329,817606,3
556329,817572,3
556329,817508,3
556329,817501,3
556329,817477,3
556329,817409,3
12781,801603,3
556329,817257,3
556329,817215,3
12781,40743,3
12781,820476,3
12781,820436,3
12781,820406,3
12781,817157,3
12781,817128,3
12781,816948,3
12781,816941,3
556329,817027,3
556329,816986,3
556329,816825,3
556329,816784,3
12781,811440,3
12781,810733,3
556329,816614,3
556329,816582,3
556329,816567,3
556329,816488,3
556329,816471,3
556329,816423,3
556329,816408,3
12781,304920,3
12781,303968,3
12781,297837,3
12781,821288,3
12781,811502,3
556329,816268,3
556329,816261,3
556329,816114,3
556329,816065,3
12781,811746,3
556329,815972,3
556329,815963,3
556329,815807,3
556329,815779,3
556329,815771,3
12781,800483,3
556329,815743,3
556329,815632,3
12781,68405,3
556329,815489,3
12781,812794,3
12781,812727,3
556329,815475,3
556329,815459,3
556329,815421,3
556329,815356,3
556329,815266,3
556329,815244,3
556329,815165,3
556329,815106,3
556329,815090,3
556329,815047,3
556329,815025,3
556329,814911,3
556329,814907,3
556329,11702,3
12781,556756,3
12781,812892,3
12781,818550,3
12781,818488,3
12781,818210,3
12781,818176,3
12781,818114,3
556329,814883,3
556329,814880,3
556329,814829,3
12781,813033,3
12781,816920,3
12781,816897,3
12781,816867,3
12781,816847,3
12781,816811,3
556329,814621,3
556329,814481,3
556329,814418,3
556329,814320,3
556329,814226,3
556329,814216,3
12781,199395,3
12781,554335,3
12781,550223,3
12781,524860,3
556329,18039,3
556329,15192,3
556329,14265,3
12781,191539,3
12781,189426,3
12781,179637,3
12781,169936,3
556329,814194,3
12781,825637,3
12781,825362,3
12781,824903,3
12781,824814,3
12781,824501,3
12781,824287,3
12781,824134,3
12781,211020,3
12781,210251,3
12781,206889,3
556329,813657,3
12781,816413,3
556329,18957,3
556329,813630,3
12781,813631,3
556329,813368,3
556329,813347,3
556329,813303,3
12781,219189,3
12781,217851,3
12781,216573,3
12781,214285,3
12781,213211,3
12781,521443,3
12781,520133,3
12781,519626,3
556329,813002,3
556329,812995,3
12781,317278,3
556329,812955,3
556329,812509,3
12781,222144,3
12781,826805,3
12781,814135,3
12781,814083,3
12781,813999,3
12781,221428,3
12781,220580,3
556329,812254,3
556329,811855,3
556329,811785,3
556329,811562,3
12781,285376,3
12781,326920,3
12781,228003,3
556329,811379,3
12781,814237,3
12781,377359,3
12781,343346,3
12781,342387,3
12781,230996,3
556329,809895,3
556329,809799,3
556329,809508,3
12781,237468,3
12781,814548,3
12781,816240,3
12781,235830,3
12781,233717,3
556329,809032,3
556329,808921,3
556329,808678,3
556329,808521,3
556329,808350,3
12781,244634,3
12781,243283,3
12781,242463,3
12781,240648,3
12781,238358,3
556329,808127,3
12781,814893,3
556329,807667,3
12781,903120,3
12781,903101,3
12781,902943,3
556329,166035,3
556329,79634,3
12781,902565,3
12781,902322,3
556329,807342,3
12781,249680,3
12781,247028,3
12781,815233,3
12781,815028,3
556329,806800,3
556329,805603,3
556329,804081,3
12781,264429,3
556329,209503,3
556329,183993,3
12781,815459,3
12781,259513,3
12781,817957,3
12781,817897,3
12781,817850,3
12781,817833,3
12781,817827,3
12781,258520,3
12781,255563,3
12781,252308,3
12781,252264,3
556329,802852,3
556329,802196,3
556329,801533,3
556329,278901,3
556329,225619,3
556329,801143,3
556329,800998,3
556329,800868,3
556329,800822,3
556329,800763,3
556329,800671,3
556329,800281,3
556329,800232,3
556329,800221,3
556329,800220,3
12781,815977,3
12781,815842,3
556329,569556,3
556329,535512,3
12781,276101,3
12781,275782,3
12781,275384,3
12781,270753,3
556329,302835,3
556329,302428,3
12781,265858,3
12781,265662,3
556329,530835,3
556329,520131,3
12781,426803,3
12781,404484,3
12781,402408,3
12781,379434,3
556329,515767,3
556329,513285,3
556329,512555,3
12781,904393,3
12781,903747,3
556329,326200,3
556329,435333,3
556329,429544,3
556329,428438,3
556329,394013,3
556329,393736,3
556329,361588,3
556329,353353,3
556329,353032,3
12781,904667,3
556329,289728837,3
556329,264483828,3
556329,896481080,3
556329,952273252,3
556329,492683804,2
556329,1054086974,2
556329,667666105,2
556329,666356211,2
556329,628764882,2
556329,1023184841,2
556329,969739619,2
12781,312492,2
556329,358291260,2
556329,348727044,2
556329,261053804,2
556329,256503709,2
12781,818621,2
556329,247617314,2
556329,240968228,2
556329,235833925,2
556329,213981659,2
556329,205095020,2
556329,150910063,2
556329,124407427,2
556329,400937,2
556329,391643,2
556329,390191,2
556329,376328,2
556329,370737,2
556329,366437,2
556329,346129,2
556329,946208,2
12781,13176,2
12781,12169,2
12781,12143,2
556329,933241,2
556329,923154,2
556329,914732,2
12781,910138,2
556329,447631,2
556329,446276,2
556329,442247,2
556329,430903,2
556329,428880,2
556329,422978,2
12781,910068,2
12781,910064,2
12781,909115,2
12781,817760,2
12781,817747,2
12781,817682,2
12781,817669,2
556329,914537,2
556329,913245,2
556329,913111,2
12781,804923,2
12781,804916,2
12781,804780,2
12781,804777,2
12781,804668,2
556329,912718,2
556329,468519,2
12781,903846,2
556329,334545,2
556329,328287,2
556329,312644,2
556329,912420,2
556329,911410,2
556329,910744,2
556329,910031,2
556329,909551,2
12781,804476,2
556329,517276,2
12781,803768,2
12781,805942,2
556329,909371,2
556329,909157,2
556329,909115,2
12781,912242,2
12781,912110,2
12781,911962,2
12781,911626,2
556329,908912,2
556329,908901,2
556329,908671,2
556329,908638,2
556329,907806,2
556329,907348,2
556329,907323,2
556329,520628,2
556329,518625,2
12781,428785,2
12781,409246,2
12781,407942,2
12781,815978,2
556329,906686,2
556329,905658,2
12781,20898,2
12781,17967,2
12781,17197,2
556329,905206,2
556329,904753,2
556329,904393,2
556329,903552,2
556329,301023,2
556329,300061,2
556329,295892,2
556329,289180,2
556329,285158,2
556329,284978,2
556329,283013,2
12781,266262,2
12781,913292,2
12781,913251,2
12781,913075,2
12781,817370,2
12781,817357,2
12781,817341,2
12781,817337,2
12781,817297,2
12781,817295,2
556329,903440,2
556329,558778,2
12781,274117,2
12781,271182,2
12781,268222,2
556329,303718,2
12781,803042,2
12781,807730,2
556329,903420,2
556329,902437,2
556329,892728,2
556329,856983,2
12781,28856,2
556329,851260,2
556329,843109,2
556329,836544,2
556329,833687,2
556329,801256,2
556329,801206,2
556329,800651,2
556329,800192,2
12781,815775,2
556329,800098,2
556329,831998,2
556329,831045,2
556329,828130,2
12781,819311,2
12781,819170,2
12781,936612,2
12781,914844,2
12781,914495,2
12781,818899,2
12781,818881,2
12781,818723,2
556329,269127,2
556329,263985,2
556329,262241,2
556329,253695,2
556329,231188,2
12781,818632,2
556329,826417,2
556329,826078,2
556329,824696,2
556329,824577,2
556329,824567,2
556329,823877,2
556329,823171,2
556329,802604,2
556329,801383,2
556329,821331,2
556329,821028,2
556329,820986,2
556329,820419,2
12781,281132698,2
12781,265620368,2
12781,255871078,2
556329,820172,2
12781,808138,2
12781,808123,2
12781,807991,2
12781,803746,2
556329,819804,2
556329,819664,2
556329,819648,2
556329,819592,2
556329,819209,2
12781,258443,2
12781,256521,2
12781,255240,2
12781,249814,2
556329,803247,2
556329,803009,2
556329,802833,2
556329,802750,2
556329,819146,2
556329,818796,2
556329,818778,2
12781,815533,2
12781,815526,2
12781,815507,2
12781,815318,2
12781,262589,2
12781,817877,2
12781,817801,2
12781,817789,2
12781,907650,2
12781,907348,2
12781,907337,2
12781,906328,2
12781,906078,2
12781,435728966,2
12781,374021034,2
12781,346154680,2
556329,818520,2
556329,818453,2
12781,815567,2
12781,816104,2
12781,816089,2
12781,815994,2
12781,447008,2
556329,199738,2
12781,802429,2
556329,818162,2
556329,818069,2
12781,819921,2
12781,819554,2
12781,819472,2
12781,819336,2
556329,817952,2
556329,817919,2
556329,805076,2
556329,804236,2
556329,804142,2
556329,803626,2
12781,815568,2
556329,817875,2
556329,817850,2
556329,817767,2
12781,810219,2
12781,808999,2
12781,802858,2
12781,650502050,2
12781,647109191,2
12781,538594156,2
12781,503037465,2
12781,495695380,2
12781,908136,2
556329,806642,2
556329,806029,2
556329,805931,2
556329,805483,2
556329,805228,2
556329,817647,2
556329,817538,2
556329,817390,2
556329,817311,2
556329,817267,2
556329,817225,2
556329,817182,2
12781,820940,2
12781,820815,2
12781,820640,2
556329,807329,2
12781,247499,2
12781,815212,2
12781,815150,2
12781,815037,2
12781,920310070,2
12781,817182,2
12781,817076,2
12781,817024,2
12781,816994,2
12781,875537740,2
12781,748540956,2
12781,743521261,2
12781,33829,2
556329,816812,2
12781,810836,2
556329,175014,2
556329,97950,2
556329,68405,2
12781,902449,2
12781,810754,2
556329,816772,2
556329,816762,2
556329,816496,2
12781,822140,2
12781,822074,2
12781,822046,2
12781,821956,2
12781,987117568,2
12781,973999354,2
12781,307879,2
12781,293507,2
12781,821230,2
12781,814822,2
12781,814776,2
12781,902817,2
12781,902628,2
556329,180061,2
12781,801018,2
12781,800978,2
12781,800902,2
12781,800684,2
556329,816309,2
556329,816275,2
556329,816259,2
556329,816221,2
556329,816186,2
556329,816185,2
556329,816170,2
556329,816053,2
12781,56218,2
12781,812121,2
12781,236601,2
12781,236166,2
12781,235206,2
12781,234346,2
12781,234075,2
12781,241273,2
12781,238279,2
12781,811604,2
12781,801519,2
12781,43003,2
556329,815784,2
556329,10490,2
556329,10304,2
12781,1066778249,2
12781,1058082355,2
12781,1055278121,2
556329,66518,2
556329,50285,2
556329,45843,2
556329,43716,2
12781,816312,2
12781,816294,2
12781,800485,2
12781,800401,2
12781,800393,2
12781,800319,2
12781,800305,2
12781,812278,2
556329,815748,2
556329,815668,2
12781,229401,2
12781,229032,2
12781,228329,2
556329,810111,2
556329,809674,2
12781,237833,2
12781,814635,2
12781,814609,2
12781,814485,2
12781,515514,2
556329,815647,2
556329,815634,2
556329,815611,2
12781,98764,2
12781,70636,2
12781,60372,2
12781,58828,2
12781,343755,2
12781,342366,2
556329,811106,2
556329,810948,2
556329,810204,2
12781,232742,2
12781,231925,2
12781,231544,2
12781,229440,2
12781,229434,2
12781,812605,2
12781,812426,2
556329,815466,2
556329,815438,2
556329,815431,2
556329,815379,2
556329,815346,2
556329,811243,2
556329,811118,2
12781,836742,2
12781,364854,2
12781,360461,2
12781,351048,2
12781,347539,2
556329,815107,2
556329,815024,2
12781,156256,2
12781,800112,2
12781,224404,2
12781,223575,2
12781,513968,2
12781,512690,2
556329,10592,2
12781,154152,2
12781,818585,2
12781,818303,2
12781,137839,2
12781,134177,2
12781,131757,2
12781,127912,2
556329,814756,2
556329,814726,2
556329,814691,2
12781,813296,2
12781,813254,2
12781,813135,2
12781,813122,2
12781,816135,2
12781,816127,2
12781,816123,2
12781,285042,2
12781,285013,2
12781,905533,2
12781,331081,2
12781,327435,2
12781,325112,2
556329,13670,2
556329,13232,2
556329,13041,2
12781,816890,2
12781,816883,2
556329,814575,2
556329,814533,2
12781,814189,2
12781,221163,2
12781,220170,2
556329,812046,2
556329,811920,2
556329,811596,2
556329,814517,2
556329,814319,2
556329,814245,2
556329,814242,2
12781,554336,2
556329,18050,2
556329,14246,2
12781,813381,2
556329,812471,2
12781,223296,2
12781,336713,2
12781,829538,2
12781,829065,2
12781,828726,2
12781,826834,2
12781,826474,2
12781,826223,2
12781,825849,2
12781,193699,2
12781,192612,2
12781,170014,2
556329,814198,2
556329,814172,2
556329,813963,2
556329,813906,2
556329,813818,2
556329,813663,2
12781,317373,2
12781,280704,2
12781,278464,2
556329,31546,2
556329,28826,2
12781,824706,2
12781,824498,2
12781,210915,2
12781,210476,2
12781,208719,2
12781,208200,2
12781,816522,2
12781,816385,2
556329,19419,2
556329,813537,2
12781,813840,2
12781,813767,2
12781,520195,2
556329,813233,2
556329,813129,2
556329,812970,2
12781,320580,2
12781,515724,2
12781,813609,2
12781,813484,2
556329,813373,2
556329,813337,2
556329,813329,2
556329,813327,2
12781,218513,2
556329,434969835,2
12781,10587,2
556329,876147332,2
556329,820624394,2
12781,817439,2
556329,896439219,2
556329,534464626,2
556329,955471966,2
556329,935106736,2
12781,11950,2
12781,11645,2
12781,10581,1
12781,10832,1
12781,10967,1
12781,11201,1
556329,949337522,1
556329,694421624,1
12781,904814,1
12781,904806,1
556329,378614061,1
556329,353565022,1
556329,317492635,1
556329,305221249,1
12781,818591,1
556329,910534796,1
556329,967170040,1
556329,241120188,1
556329,240451025,1
556329,213784262,1
556329,208549821,1
556329,161158793,1
556329,144349898,1
556329,139392329,1
12781,215573,1
12781,214478,1
12781,813875,1
12781,521358,1
12781,520130,1
12781,520119,1
556329,812991,1
556329,812980,1
12781,320555,1
12781,518625,1
12781,517428,1
12781,813554,1
12781,555740,1
556329,813533,1
556329,813420,1
556329,813407,1
12781,823888,1
12781,211092,1
12781,210817,1
556329,28450,1
556329,27797,1
556329,26671,1
556329,23826,1
556329,23168,1
556329,22572,1
12781,816574,1
12781,816380,1
556329,22087,1
556329,20065,1
556329,18643,1
556329,813551,1
12781,519516,1
12781,280127,1
12781,279816,1
12781,278749,1
556329,33829,1
556329,29665,1
556329,28584,1
556329,28455,1
556329,812921,1
556329,812675,1
556329,812569,1
12781,212922,1
12781,825265,1
12781,825192,1
12781,824645,1
12781,824447,1
12781,823934,1
556329,14537,1
556329,13883,1
12781,222415,1
12781,338000,1
12781,336332,1
12781,331154,1
12781,827671,1
12781,825957,1
556329,814147,1
556329,814051,1
556329,814045,1
556329,814028,1
556329,813952,1
556329,813939,1
556329,813752,1
12781,313734,1
12781,529031,1
12781,526592,1
12781,525407,1
12781,524903,1
12781,524284,1
12781,523547,1
12781,813479,1
556329,18278,1
556329,18153,1
556329,17492,1
556329,17490,1
556329,16778,1
556329,16445,1
556329,15906,1
556329,15825,1
556329,14628,1
12781,221779,1
12781,814204,1
12781,814014,1
12781,814013,1
12781,813946,1
12781,813941,1
12781,220166,1
556329,811801,1
556329,811739,1
556329,811622,1
556329,814525,1
556329,814511,1
556329,814507,1
556329,814343,1
556329,814328,1
12781,536275,1
12781,816131,1
12781,905991,1
12781,905836,1
12781,329130,1
12781,324531,1
556329,811475,1
556329,811474,1
12781,813010,1
556329,13652,1
556329,12759,1
12781,816859,1
12781,816805,1
12781,816739,1
556329,12716,1
12781,800208,1
556329,814650,1
12781,823703,1
12781,823594,1
12781,823539,1
12781,818528,1
12781,818020,1
12781,822850,1
12781,822703,1
12781,146314,1
12781,120430,1
556329,814860,1
556329,814702,1
12781,813260,1
12781,813225,1
12781,813168,1
12781,813059,1
12781,813053,1
556329,12307,1
556329,12086,1
556329,11979,1
556329,11520,1
556329,11502,1
556329,11482,1
556329,11193,1
556329,10970,1
556329,10968,1
556329,10939,1
12781,800092,1
12781,800026,1
12781,583692,1
12781,556359,1
12781,556077,1
12781,556076,1
556329,12512,1
556329,12451,1
556329,12394,1
12781,228252,1
12781,225563,1
12781,224225,1
12781,223714,1
556329,811254,1
12781,515249,1
12781,513906,1
12781,513405,1
12781,512512,1
12781,494761,1
12781,482280,1
12781,477979,1
556329,12336,1
12781,449363,1
12781,902298,1
12781,893632,1
12781,852242,1
12781,833287,1
12781,355731,1
12781,349902,1
556329,815202,1
556329,815188,1
556329,815175,1
556329,815169,1
556329,815071,1
556329,815017,1
556329,814977,1
556329,814976,1
12781,800125,1
556329,810594,1
556329,810495,1
556329,810269,1
12781,232031,1
12781,230757,1
12781,812623,1
12781,812572,1
12781,812417,1
12781,812381,1
12781,800640,1
12781,800575,1
12781,800510,1
556329,815338,1
556329,815265,1
12781,458737,1
12781,457710,1
556329,810089,1
556329,809468,1
12781,814615,1
12781,814580,1
12781,814578,1
12781,814358,1
556329,815583,1
12781,108254,1
12781,85538,1
12781,80212,1
12781,70705,1
12781,69797,1
12781,62405,1
556329,815496,1
12781,812810,1
556329,810765,1
556329,63880,1
556329,52104,1
556329,42428,1
556329,39549,1
556329,37686,1
556329,37363,1
12781,287167,1
12781,816254,1
12781,1050515057,1
556329,815765,1
12781,800321,1
12781,812331,1
12781,812286,1
12781,812243,1
556329,815704,1
556329,815658,1
12781,42148,1
556329,815907,1
556329,815863,1
556329,815810,1
556329,10438,1
556329,10296,1
556329,10218,1
556329,10216,1
556329,10202,1
12781,1399810824,1
12781,1053125857,1
12781,1052308919,1
12781,1050931796,1
12781,1050859066,1
12781,237207,1
12781,236733,1
12781,233166,1
556329,808288,1
12781,244560,1
12781,244467,1
556329,808262,1
556329,807963,1
12781,814877,1
12781,811789,1
12781,801504,1
12781,801389,1
12781,53588,1
12781,53581,1
12781,52455,1
12781,49164,1
12781,44319,1
12781,42428,1
12781,801059,1
12781,800836,1
12781,800739,1
12781,800676,1
556329,816393,1
556329,816244,1
556329,816146,1
556329,816084,1
556329,816079,1
556329,816048,1
12781,58725,1
12781,56906,1
12781,56630,1
12781,812120,1
12781,816245,1
12781,234380,1
12781,821268,1
12781,814857,1
12781,814797,1
12781,814772,1
12781,814762,1
12781,814757,1
12781,814639,1
556329,807777,1
12781,902895,1
12781,902807,1
12781,902760,1
12781,902640,1
12781,821068,1
12781,821067,1
12781,801367,1
12781,801365,1
556329,816428,1
556329,816417,1
12781,822639,1
12781,822237,1
12781,822225,1
12781,821914,1
12781,1050229344,1
12781,1003434338,1
12781,980733096,1
12781,311901,1
12781,301457,1
12781,299083,1
12781,291345,1
12781,290991,1
12781,290332,1
12781,821572,1
12781,810914,1
12781,810755,1
556329,176912,1
556329,169850,1
556329,158361,1
556329,156256,1
556329,134177,1
556329,124689,1
556329,114110,1
556329,106770,1
556329,106104,1
556329,104738,1
12781,902566,1
12781,902505,1
556329,816699,1
556329,816618,1
12781,777358703,1
12781,765500510,1
12781,820291,1
12781,820242,1
12781,820235,1
12781,820098,1
12781,33990,1
556329,817062,1
556329,816931,1
556329,816872,1
556329,816871,1
556329,816863,1
556329,816788,1
12781,811435,1
12781,811227,1
12781,811147,1
12781,820754,1
12781,820492,1
12781,902301,1
556329,807550,1
556329,807549,1
556329,807496,1
12781,249601,1
12781,249354,1
12781,248139,1
12781,247785,1
12781,246970,1
12781,245258,1
12781,244900,1
12781,820385,1
12781,837029745,1
12781,812830130,1
12781,802024,1
12781,801950,1
12781,801947,1
12781,801883,1
12781,801792,1
12781,801640,1
12781,801539,1
12781,810585,1
556329,817302,1
556329,817138,1
556329,817131,1
12781,41594,1
12781,39338,1
12781,38419,1
12781,37743,1
12781,35930,1
556329,817700,1
12781,814954,1
556329,806924,1
556329,806660,1
556329,806453,1
556329,806448,1
556329,806316,1
556329,805937,1
556329,805867,1
556329,805687,1
556329,805419,1
556329,805264,1
556329,817628,1
556329,817491,1
556329,817456,1
556329,817321,1
12781,809970,1
12781,809633,1
12781,809572,1
12781,809508,1
12781,809327,1
12781,808992,1
12781,802845,1
556329,817713,1
12781,634745126,1
12781,611063412,1
12781,509322897,1
12781,908289,1
12781,908264,1
12781,908117,1
12781,907984,1
12781,907663,1
556329,817943,1
556329,817920,1
556329,804938,1
556329,804896,1
556329,804710,1
556329,804678,1
556329,804259,1
556329,804244,1
556329,804162,1
556329,803902,1
556329,803787,1
556329,803625,1
556329,803593,1
556329,817848,1
556329,817801,1
556329,817747,1
12781,808915,1
12781,808521,1
556329,818406,1
556329,818087,1
556329,818018,1
556329,818012,1
556329,818000,1
12781,820026,1
12781,819980,1
12781,819745,1
12781,819701,1
12781,819696,1
12781,819561,1
12781,819535,1
12781,819423,1
556329,817965,1
12781,802758,1
12781,815563,1
556329,224633,1
556329,218888,1
12781,816107,1
12781,816097,1
12781,816092,1
12781,816049,1
12781,816001,1
556329,189057,1
556329,181692,1
12781,802673,1
12781,802670,1
12781,802656,1
12781,802517,1
12781,802382,1
556329,818599,1
556329,818554,1
556329,818550,1
12781,815550,1
12781,815544,1
12781,903623,1
12781,817954,1
12781,817891,1
12781,817842,1
12781,903552,1
12781,903540,1
12781,906527,1
12781,906384,1
12781,906075,1
12781,427967297,1
12781,418396583,1
556329,803432,1
556329,803301,1
556329,803255,1
556329,802989,1
556329,802764,1
556329,802709,1
556329,819167,1
556329,819024,1
556329,819002,1
556329,818989,1
556329,818906,1
556329,818716,1
556329,818707,1
556329,818704,1
556329,818642,1
556329,818628,1
12781,110403310,1
12781,102317176,1
12781,953404,1
12781,945500,1
12781,942571,1
556329,820116,1
556329,820036,1
12781,808100,1
12781,807877,1
12781,803626,1
556329,819860,1
556329,819507,1
556329,819466,1
556329,819197,1
12781,256027,1
12781,252582,1
556329,822989,1
556329,822982,1
556329,822923,1
556329,822689,1
556329,822350,1
556329,822234,1
556329,821373,1
556329,821169,1
556329,820620,1
556329,820396,1
556329,820367,1
12781,237046948,1
12781,181175800,1
12781,169418449,1
12781,135620134,1
12781,129556866,1
556329,823272,1
556329,802673,1
556329,802652,1
556329,802648,1
556329,802596,1
556329,802557,1
556329,802409,1
556329,802125,1
556329,802102,1
556329,801890,1
556329,801876,1
556329,801857,1
556329,801608,1
556329,801515,1
556329,801397,1
556329,823075,1
556329,279099,1
556329,274188,1
556329,272912,1
556329,268351,1
556329,262699,1
556329,255012,1
556329,249230,1
556329,241227,1
556329,231648,1
556329,826548,1
556329,826304,1
556329,826270,1
556329,826233,1
556329,824563,1
556329,824118,1
556329,823790,1
556329,827139,1
556329,826550,1
12781,819258,1
12781,940542,1
12781,934425,1
12781,933400,1
12781,923446,1
12781,919711,1
12781,918972,1
12781,915422,1
12781,914984,1
12781,914097,1
12781,818986,1
12781,818743,1
556329,801377,1
556329,801281,1
556329,800788,1
556329,800691,1
556329,800585,1
556329,800471,1
556329,800179,1
12781,815865,1
12781,815726,1
12781,815638,1
556329,567846,1
556329,831563,1
556329,831499,1
556329,829805,1
556329,829107,1
556329,829077,1
556329,828732,1
556329,828491,1
556329,902566,1
556329,902565,1
556329,902308,1
556329,859509,1
12781,29242,1
12781,26284,1
12781,25821,1
12781,22961,1
12781,22518,1
12781,21360,1
556329,855805,1
556329,846740,1
556329,834858,1
556329,833543,1
556329,832851,1
556329,800804,1
556329,556359,1
556329,556078,1
556329,555871,1
556329,536485,1
12781,277939,1
12781,277445,1
12781,273370,1
12781,270485,1
12781,266558,1
556329,306607,1
12781,803249,1
12781,803187,1
12781,807664,1
556329,903419,1
556329,903054,1
556329,902709,1
556329,903470,1
556329,302730,1
556329,296982,1
556329,293061,1
556329,291562,1
556329,291322,1
556329,533407,1
556329,530686,1
556329,526592,1
12781,912988,1
12781,817323,1
556329,903441,1
12781,803399,1
12781,803299,1
12781,803270,1
556329,558850,1
556329,906619,1
556329,906419,1
556329,906360,1
556329,905995,1
556329,905820,1
12781,20996,1
12781,20553,1
12781,20344,1
12781,20260,1
12781,19411,1
12781,17628,1
12781,17555,1
556329,905549,1
556329,904954,1
556329,903694,1
556329,903669,1
556329,524363,1
556329,524082,1
556329,519626,1
12781,430497,1
12781,423427,1
12781,410443,1
12781,408508,1
12781,407092,1
12781,403040,1
556329,518563,1
12781,807129,1
12781,806891,1
12781,806696,1
12781,806166,1
12781,806036,1
556329,906811,1
12781,910566,1
12781,910456,1
556329,909084,1
556329,908958,1
556329,908879,1
556329,908786,1
556329,908757,1
556329,908670,1
556329,908669,1
556329,908496,1
556329,907771,1
556329,907770,1
556329,907758,1
556329,907681,1
556329,907436,1
12781,807527,1
12781,803921,1
12781,803846,1
12781,805831,1
12781,805738,1
12781,805435,1
12781,16086,1
12781,15443,1
12781,14098,1
556329,909350,1
556329,909251,1
12781,817252,1
12781,912259,1
12781,911955,1
12781,911920,1
12781,911912,1
12781,911904,1
12781,804118,1
556329,517777,1
556329,516930,1
556329,516615,1
556329,513688,1
556329,513636,1
556329,513114,1
556329,512825,1
556329,512690,1
556329,512530,1
556329,512351,1
556329,511867,1
556329,494661,1
556329,479115,1
556329,477681,1
556329,472022,1
12781,903667,1
556329,331723,1
556329,330716,1
556329,318381,1
556329,306786,1
556329,464153,1
556329,450263,1
556329,912325,1
556329,912176,1
556329,912079,1
556329,911397,1
556329,911296,1
556329,911276,1
556329,909805,1
12781,17094,1
12781,804502,1
12781,817767,1
12781,817661,1
12781,817628,1
556329,914267,1
556329,913276,1
556329,912966,1
556329,912923,1
556329,912899,1
12781,805127,1
12781,804794,1
12781,804734,1
12781,804665,1
12781,904664,1
12781,904402,1
12781,904307,1
12781,904275,1
556329,914917,1
556329,914860,1
556329,449501,1
556329,447790,1
556329,433054,1
556329,432605,1
556329,429535,1
556329,422467,1
556329,416613,1
556329,413665,1
556329,412938,1
556329,407325,1
12781,909871,1
12781,909640,1
12781,909324,1
12781,909116,1
12781,13135,1
12781,12906,1
12781,12874,1
12781,12745,1
12781,12725,1
12781,12497,1
12781,12490,1
12781,12218,1
556329,936489,1
556329,935501,1
556329,934619,1
556329,923762,1
556329,919720,1
556329,915422,1
556329,915077,1
556329,914984,1
556329,133706517,1
556329,392311,1
556329,390116,1
556329,385675,1
556329,384458,1
556329,383152,1
556329,374817,1
556329,339863,1
556329,337404,1
556329,337014,1
556329,117934614,1
556329,112819175,1
556329,111917959,1
556329,108845011,1
556329,104750295,1
556329,946555,1
556329,721209677,1
12781,10490,1
12781,10686,1
556329,453797081,1
12781,817434,1
556329,1064464421,1
556329,635767367,1
556329,634536612,1
556329,629452454,1
556329,552083077,1
556329,1008492051,1
556329,1002474206,1
556329,984521165,1
556329,981789985,1
12781,904904,1
12781,904818,1
556329,813361,1
556329,385740173,1
556329,879530032,1
556329,844532042,1
556329,804697244,1
556329,791786086,1
556329,255290209,1
12781,804640,1
12781,804585,1
12781,804583,1
12781,817477,1
12781,817444,1
556329,889139056,1
556329,514281417,1
556329,509196674,1
556329,505363511,1
